set,accuracy
trainning,0.737826488892914
calibration,0.727947172158406
test,0.7394587142503
