set,accuracy
trainning,0.954752269092237
calibration,0.947751715780367
test,0.956456404731016
